pair,spread_pips,spread_bps,m_1h_bps,ratio_1h,hit_min_1h,m_4h_bps,ratio_4h,hit_min_4h,m_24h_bps,ratio_24h,hit_min_24h,faixa
USDJPY,0.8198150510219925,0.6377551020420489,7.432524442220634,0.17161197571561707,0.5858059878578086,15.225473056040196,0.08377475034038971,0.5418873751701948,40.36393073836917,0.03160024756636554,0.5158001237831827,B
GBPUSD,0.9524356050692435,0.7476915024859919,8.193975569531437,0.18249785983405067,0.5912489299170254,16.740914854858126,0.08932504692466263,0.5446625234623313,41.6097037340741,0.03593832377487989,0.5179691618874399,B
AUDJPY,0.8888265382128903,0.9931966032672268,10.486943702000332,0.1894158358221718,0.5947079179110859,21.02852634131718,0.09446183599806313,0.5472309179990316,53.993852222584756,0.03678924775260946,0.5183946238763047,B
EURUSD,0.7637266691072622,0.6970948571833882,6.776881774752839,0.20572731836060754,0.6028636591803038,13.872274201585691,0.1005018855673579,0.5502509427836789,34.79890809251005,0.0400641799064625,0.5200320899532312,C
CADJPY,0.9632261161782104,0.9870738196612255,8.98530685713028,0.21970842740399774,0.6098542137019989,18.4096326407014,0.10723449391151114,0.5536172469557555,47.68204062618064,0.041402331221506314,0.5207011656107532,C
EURJPY,1.2199845825574354,0.8937648728071789,7.820766222273378,0.228561971399108,0.614280985699554,16.05680662774263,0.11132535796538144,0.5556626789826907,39.38787522369425,0.04538274114718043,0.5226913705735902,C
GBPJPY,1.6855974095640225,1.0538013488653126,8.977335195728637,0.23476929977321223,0.6173846498866061,18.50400704435058,0.11389979979358542,0.5569498998967927,44.98660103430324,0.046849565187721855,0.5234247825938609,C
AUDUSD,0.8677828734357416,1.2641603517164275,10.323513020134062,0.24490894703206584,0.6224544735160329,20.842852980862673,0.12130396475733378,0.5606519823786669,53.003177581754734,0.04770130431393566,0.5238506521569678,C
GBPNZD,2.027487701182458,1.027577614222702,7.850413625182957,0.26178941984060206,0.6308947099203011,15.815118362447057,0.12994877315147782,0.564974386575739,35.36832113085221,0.05810723163369684,0.5290536158168484,C
EURAUD,1.6960540264878494,1.0508584586379235,7.880782257230433,0.26668887030187527,0.6333444351509376,16.00454132251404,0.1313200344154382,0.5656600172077191,40.21053495244857,0.05226781786815959,0.5261339089340797,C
GBPCAD,1.6402782669940263,0.960645553811345,6.864265764924183,0.2798975408907279,0.6399487704453639,14.09191339501568,0.13633997412319124,0.5681699870615956,32.37510634540542,0.059344704141654624,0.5296723520708273,C
EURNZD,1.888129020667599,1.0979632781196331,7.87401317022812,0.27888276394331296,0.6394413819716565,15.96557391112539,0.13754134793169354,0.5687706739658468,38.358804283909365,0.0572470022784419,0.528623501139221,C
GBPAUD,2.0657590822568177,1.1147946521698493,7.82572603798194,0.2849051057395122,0.6424525528697561,15.599412799899437,0.14292777125265074,0.5714638856263253,36.584607348420235,0.06094337115896297,0.5304716855794814,C
EURCAD,1.3708669552480606,0.9335818735749308,6.284970745172782,0.29708392017320856,0.6485419600866043,12.893999584069642,0.14480873331628744,0.5724043666581438,32.25782024427034,0.057882514472796985,0.5289412572363985,C
CHFJPY,1.4772827029111046,1.106541504526892,7.232885378659266,0.3059751251669932,0.6529875625834967,14.907887670414434,0.1484504752102322,0.5742252376051161,33.102074986921515,0.06685632275101074,0.5334281613755054,C
USDCAD,1.336820254983218,1.0055665290000286,6.509487653812986,0.3089541243421853,0.6544770621710927,13.180206764761165,0.15258736785351945,0.5762936839267597,32.76504608579795,0.061380443437611565,0.5306902217188058,C
NZDJPY,1.288682743754202,1.563774056989512,10.231338104015602,0.3056831943371632,0.6528415971685816,20.283491589308678,0.15419180175209765,0.5770959008760488,52.79518656627302,0.05923926625494654,0.5296196331274733,C
AUDCHF,1.003303911907493,1.5424825399551738,8.986314063527715,0.3432959340282947,0.6716479670141473,18.200217226904048,0.169501552725979,0.5847507763629896,44.76478233471777,0.06891500235259208,0.5344575011762961,C
GBPCHF,1.6089965634160968,1.3655294840562822,7.145247911679062,0.3822203234752134,0.6911101617376068,14.858110095220145,0.1838093102427035,0.5919046551213517,34.313039004942205,0.07959245369432892,0.5397962268471644,C
CADCHF,0.9465546905605927,1.3627923615482853,7.226620562575931,0.3771589637916502,0.6885794818958251,14.69168257152066,0.18551889545857914,0.5927594477292896,35.92593077983584,0.07586678101117872,0.5379333905055894,C
USDCHF,1.4496279983692337,1.5816913146892095,7.0569834802944085,0.44826272276415285,0.7241313613820765,14.390094240404059,0.21983057070581039,0.6099152853529052,35.65846037840673,0.08871338234485387,0.5443566911724269,C
NZDUSD,1.5469630819744045,2.444902378541249,10.306356014879027,0.47444555088366924,0.7372227754418346,20.631092013247525,0.23701143661919025,0.6185057183095951,51.96383579660993,0.09410015027030595,0.547050075135153,C
AUDCAD,1.6482809277060197,1.8111385017866781,7.139177155293903,0.5073801818865546,0.7536900909432773,14.255842764645097,0.25409069553970587,0.627045347769853,34.72978417285959,0.1042988630607175,0.5521494315303588,C
EURGBP,1.3028484018538395,1.5151073686672825,5.792378573551917,0.5231382408550727,0.7615691204275363,11.923476198806188,0.2541385319859957,0.6270692659929978,28.6581924824336,0.10573642211357095,0.5528682110567855,C
NZDCAD,1.9013329010867501,2.244361042880625,7.523348839736582,0.5966388348301572,0.7983194174150786,14.878860953677696,0.30168452408662005,0.6508422620433101,36.361573334577514,0.12344686090611938,0.5617234304530597,C
AUDNZD,1.5664872727259407,1.4545454545442178,4.939863757049043,0.5889010410332162,0.7944505205166081,9.566685004027866,0.3040855748740154,0.6520427874370077,24.995037557755197,0.11638673886232404,0.558193369431162,C
NZDCHF,1.7779194872988588,2.970948369160993,8.832125219235781,0.672759567015754,0.836379783507877,17.570694205595313,0.33817085817985576,0.6690854290899279,44.290259372683636,0.13415809305435444,0.5670790465271772,C
EURCHF,1.735097962341455,1.6954001674212857,4.8878301087511495,0.6937230344343797,0.8468615172171898,9.961540371951838,0.3403891575232543,0.6701945787616271,24.00015133591799,0.14128245640551398,0.570641228202757,C
